0.,8.73631313681499e-18,5.722256665120217e-17,-8.923638666838838e-18,-6.385724363769132e-17,-1.6835541633231954e-19,3.3831431552903387e-18,1.2394360160039737e-17,2.5567420932383327e-18,7.988666052026116e-18,1.1206694865582489e-19,-2.0671224488422202e-18,-6.686273984447604e-18,7.501604292398876e-18,3.09604010046933e-17,-1.131600919487869e-18,-1.0357403238538537e-17,-1.128788076281322e-17,-1.6925477152937408e-18,1.7910380459266375e-18,5.522832678721808e-20,1.3448383674219139e-17,6.154464395259001e-17,-4.792609436286846e-18,-1.5414822653872377e-17,1.2362722439589555e-20,4.170972054111806e-17,-7.281117552450462e-19,6.121343718664313e-18,3.588285491033454e-17,-1.7370368606303724e-18,9.572835837102879e-18,3.212178942057486e-18,2.359881755570685e-17,5.881848923701432e-17,-3.479551479354351e-18,-8.244998524256621e-18,-8.365863498315733e-19,-3.2203842869598743e-18,-8.412558169957272e-18,-1.0706382042532693e-19,9.364063310851372e-18,3.1899252491958752e-18,2.096008023762733e-18,-1.8662559081090067e-17,1.5602120183304115e-17,3.9363847593815484e-17,-4.706402245493059e-19,5.502142781670593e-19,2.336163164503349e-17
0.06408449555375757,0.06355603472039459,0.06199105431889518,0.05939363657194704,0.05584168173208948,0.05135396499736538,0.04603091316618496,0.03996580887075742,0.03320672687880759,0.025950629358536433,0.018223062542220624,0.01022623832439502,0.0020652613380980948,-0.006167530804479812,-0.014246410968635952,-0.02214511463962382,-0.029639347636105692,-0.036657143729045605,-0.04309206610549622,-0.048786062071226155,-0.0537157713450774,-0.057734985873589204,-0.060819145095688455,-0.0629035275886126,-0.06395052348805325,-0.06395052348983342,-0.06290352759389874,-0.06081914510440975,-0.0577349858856499,-0.05371577136030369,-0.04878606208939124,-0.04309206612628702,-0.036657143752162,-0.029639347661207276,-0.022145114666310254,-0.014246410996480859,-0.006167530833035701,0.002065261309278547,0.010226238295805639,0.018223062514363023,0.025950629331886528,0.0332067268538067,0.03996580884785901,0.046030913145792884,0.05135396497983315,0.05584168171769045,0.05939363656091065,0.06199105431144849,0.06355603471664015,0.0640844955537576
0.12784667241066025,0.12679487265368616,0.12367003325505443,0.11848807498357052,0.11140338814130858,0.1024481783587813,0.0918313096321223,0.07973033561336328,0.06624645571157867,0.05177126363409584,0.03635392745145573,0.02040125522769523,0.004120277366476975,-0.012304322862118173,-0.028421096378242597,-0.044178721436979,-0.05913021567388358,-0.07312883585213217,-0.08596819459280323,-0.09732684478184714,-0.10716112294969062,-0.11518071381452524,-0.12133019360835763,-0.1254918502874223,-0.12757935068811088,-0.12757935069166523,-0.12549185029797663,-0.12133019362576969,-0.11518071383859328,-0.10716112298006698,-0.097326844818088,-0.08596819463428895,-0.07312883589826148,-0.05913021572396967,-0.0441787214902212,-0.02842109643379349,-0.012304322919085287,0.004120277308986357,0.020401255170663008,0.03635392739588511,0.051771263580937046,0.06624645566171392,0.07973033556769338,0.09183130959144367,0.10244817832380101,0.11140338811258135,0.11848807496155621,0.1236700332402033,0.12679487264619843,0.12784667241066028
0.19118882285707792,0.18961372427737555,0.18494310389287222,0.17719388868842229,0.16659786345145094,0.1532078362792238,0.137328618249412,0.11923329195196296,0.0990685138166841,0.07742108000219154,0.05436610830875336,0.030508951649893427,0.006161559685607115,-0.018400300330021588,-0.042502507101997974,-0.06606735988097012,-0.08842599419514516,-0.10936176985709528,-0.12856077802245225,-0.14554773968364954,-0.16025475685613286,-0.1722464680747973,-0.18144567620901356,-0.18766625569633494,-0.19078910100494056,-0.1907891010102516,-0.18766625571212184,-0.1814456762350831,-0.17224646811081196,-0.16025475690155905,-0.14554773973784502,-0.12856077808451033,-0.10936176992610847,-0.08842599427005442,-0.06606735996059097,-0.042502507185081806,-0.018400300415222552,0.006161559599642407,0.03050895156462477,0.05436610822565571,0.07742107992269955,0.09906851374213249,0.11923329188369179,0.13732861818858452,0.1532078362268961,0.16659786340849364,0.17719388865551522,0.18494310387066618,0.1896137242661693,0.191188822857078
0.253635241034028,0.2515456491444353,0.24534953843413562,0.23506926381275267,0.2210123292082668,0.20324885903795567,0.1821831119221306,0.1581774758688198,0.13142643989482797,0.1027084778847365,0.07212326601910049,0.040473834524173934,0.008174056937580582,-0.024410234041144306,-0.05638474912178404,-0.08764639486873546,-0.1173078349659756,-0.14508171096182923,-0.17055150744206743,-0.19308678849939923,-0.2125974410940189,-0.22850588756164375,-0.24070979980333546,-0.24896211178541647,-0.2531049620177664,-0.25310496202480676,-0.24896211180636768,-0.24070979983797025,-0.22850588760946358,-0.21259744115429458,-0.19308678857130673,-0.17055150752442946,-0.14508171105343015,-0.1173078350653708,-0.08764639497437018,-0.05638474923202632,-0.02441023415418913,0.008174056823556857,0.04047383441109213,0.07212326590888289,0.10270847777929677,0.1314264397959594,0.15817747577829278,0.18218311184144959,0.20324885896852216,0.22101232915128832,0.2350692637691194,0.24534953840467966,0.2515456491295548,0.2536352410340281
0.31511903166742633,0.3125278602941487,0.3048242142691832,0.2920515195600726,0.2745897725447204,0.25251552949618783,0.22634818411383,0.19652077814421817,0.16328559696017836,0.12760712760530923,0.08960559427996516,0.05028553561790062,0.01015581840496829,-0.030328092147797445,-0.07005284729651812,-0.1088925266550141,-0.145745656280497,-0.1802488335004933,-0.21189655231847473,-0.23989320179094362,-0.2641327409027615,-0.28390032939896725,-0.29905590022962086,-0.3093154507178662,-0.31446010408356084,-0.314460104092311,-0.30931545074391953,-0.2990559002727124,-0.2839003294584321,-0.26413274097767664,-0.23989320188030872,-0.2118965524208482,-0.18024883361435476,-0.14574565640402234,-0.10889252678627795,-0.07005284743350954,-0.0303280922882569,0.010155818263327628,0.05028553547744753,0.08960559414306818,0.12760712747434483,0.16328559683739027,0.19652077803179785,0.22634818401361323,0.25251552940992006,0.2745897724739409,0.29205151950588204,0.30482421423259315,0.3125278602756531,0.3151190316674263
0.37527454286532247,0.3721814545615912,0.3630153112374698,0.3478048887555294,0.32700572799150995,0.30072448697629167,0.269554591614148,0.234036948671486,0.19445639495860412,0.151965488595126,0.10671270184275508,0.05988430434663322,0.012094122009653497,-0.03611682634878155,-0.08342598984750513,-0.12968023862270828,-0.17356642017160967,-0.2146611179604228,-0.25234477214534545,-0.28568799327438177,-0.31455582616408456,-0.33809294136519963,-0.3561514891577497,-0.3683596083127072,-0.374489979159233,-0.37448997916967497,-0.368359608343783,-0.3561514892091241,-0.33809294143607793,-0.3145558262533633,-0.2856879933808608,-0.25234477226731566,-0.21466111809608487,-0.1735664203187761,-0.12968023877907803,-0.08342599001067358,-0.036116826516056307,0.012094121840997906,0.05988430417941608,0.10671270167978192,0.15196548843923072,0.19445639481244315,0.2340369485376556,0.26955459149483946,0.3007244868735796,0.32700572790723414,0.3478048886910046,0.3630153111939045,0.37218145453957197,0.37527454286532236
0.4338577959303158,0.43028777400290935,0.4196841166986522,0.4020987811253168,0.37805597422470927,0.34766638672072636,0.311636547094106,0.2705712728937029,0.22481258294092693,0.17568973834972063,0.12337007317699386,0.0692332168640846,0.01398244932238623,-0.0417556179982209,-0.09644925793076072,-0.14992401971034608,-0.20066290604436485,-0.24816877717532354,-0.29173965624612963,-0.3302863214816068,-0.3636598145133032,-0.390874563792463,-0.41174419592004485,-0.42586620809235676,-0.43295063221277014,-0.43295063222486546,-0.42586620812833864,-0.4117441959795079,-0.39087456387449093,-0.363659814616612,-0.33028632160479393,-0.291739656387217,-0.24816877733223786,-0.20066290621458283,-0.14992401989119108,-0.09644925811944105,-0.04175561819161413,0.013982449127436465,0.06923321667082508,0.1233700729886671,0.17568973816957906,0.22481258277202976,0.27057127273904585,0.3116365469562263,0.34766638660202787,0.378055974127305,0.40209878105073216,0.41968411664829364,0.43028777397745743,0.43385779593031565
0.4907428912839779,0.48670016701760727,0.474711371623664,0.4548206917813888,0.42762297526672827,0.393253271134488,0.35249477622852277,0.3060476268623623,0.25428876285057517,0.19872424354027338,0.1395467105214196,0.07831030483193606,0.015815486229343617,-0.0472298618653267,-0.10909529962970436,-0.16958148712298374,-0.22697163042921728,-0.280709356865657,-0.3299894913029438,-0.37359150624266024,-0.41134140050914964,-0.4421218192864781,-0.46573400293813955,-0.48170128806125617,-0.48971688156207993,-0.48971688157579096,-0.48170128810202417,-0.4657340030054777,-0.44212181937936135,-0.41134140062612773,-0.3735915063821191,-0.3299894914626281,-0.28070935704323086,-0.22697163062185144,-0.16958148732763026,-0.10909529984316564,-0.04722986208407391,0.01581548600886783,0.07831030461341013,0.1395467103085103,0.198724243336634,0.2542887626596342,0.30604762668750224,0.3524947760726399,0.39325327100029783,0.42762297515658904,0.4548206916970365,0.47471137156671317,0.4867001669888322,0.4907428912839772
0.5455139871532084,0.5410199004541473,0.5276932315952341,0.5055825942037212,0.4753492922319267,0.437143788071341,0.39183613742366064,0.34020517213518026,0.28266955832976104,0.22090353138990243,0.1551213498930766,0.08705038956256055,0.017580620278901955,-0.05250109936394748,-0.12127127102470317,-0.18850823695166896,-0.25230356336087967,-0.31203898751694653,-0.3668190837007596,-0.41528750135206416,-0.4572506285195307,-0.49146631544297603,-0.517714036226801,-0.5354631876418517,-0.5443734693243545,-0.5443734693396332,-0.5354631876872538,-0.5177140363017503,-0.49146631554634845,-0.4572506286497171,-0.4152875015072413,-0.3668190838783977,-0.31203898771445315,-0.2523035635751368,-0.18850823717925994,-0.12127127126203344,-0.05250109960710197,0.017580620033860433,0.0870503893197265,0.15512134965653435,0.2209035311636818,0.28266955811763805,0.3402051719409042,0.3918361372504755,0.4371437879222639,0.4753492921095415,0.5055825941099722,0.5276932315319461,0.5410199004221816,0.5455139871532076
0.5981261379040076,0.5932059305176113,0.5785858095720442,0.5543421554503885,0.5211970294868674,0.47929982480271466,0.4296297798977567,0.3730154910151909,0.3099317058718505,0.24221015515971894,0.17008043220179475,0.09544660322649388,0.019276606659212697,-0.05756540818417837,-0.1329670772700089,-0.20668855570785835,-0.27663876879209054,-0.342130410112597,-0.40219935416313074,-0.45534022615424596,-0.5013494646220857,-0.5388691726165699,-0.5676384856011614,-0.5871094720068205,-0.5968754701412604,-0.5968754701580482,-0.5871094720566907,-0.5676384856834576,-0.5388691727300625,-0.501349464765004,-0.45534022632457144,-0.40219935435806914,-0.3421304103293004,-0.2766387690271547,-0.20668855595751037,-0.13296707753028322,-0.05756540845078195,0.01927660639059097,0.09544660296033668,0.17008043194258796,0.24221015491184453,0.30993170563942346,0.37301549080231,0.42962977970798377,0.47929982463935983,0.5211970293527405,0.5543421553476311,0.5785858095026771,0.5932059304825813,0.5981261379040077
0.6482296576302905,0.642886935806801,0.6270536871685463,0.6007799883900358,0.5648526684519714,0.5194557125669481,0.46561457963347286,0.40426319651706566,0.3358938277300649,0.262497278127497,0.18432992532711495,0.10344103174918978,0.020890761872998917,-0.06238633410746662,-0.144105696954283,-0.22400286939149533,-0.29980960310959476,-0.3707943592323695,-0.43588722612599895,-0.49348253240367224,-0.5433473036672598,-0.5840041535671288,-0.6151973878544673,-0.6362852165837228,-0.6468744407839726,-0.6468744408021895,-0.6362852166378524,-0.6151973879438145,-0.584004153690316,-0.543347303822348,-0.49348253258847274,-0.43588722633748034,-0.3707943594674241,-0.2998096033644995,-0.22400286966217076,-0.14410569723642644,-0.06238633439641168,0.020890761581939553,0.10344103146086553,0.18432992504634854,0.2624972778590338,0.33589382747835206,0.4042631962865255,0.4656145794279463,0.5194557123900069,0.5648526683066928,0.6007799882787345,0.6270536870933988,0.6428869357688419,0.6482296576302903
0.6956648893282777,0.6899420521935968,0.6729380753967323,0.644740935120723,0.6061905546435777,0.5574612697043894,0.4996910655126165,0.4338446052099307,0.36047347039461014,0.28170824734954886,0.1978161686361733,0.11101142788929334,0.02242010203299957,-0.06695279167106526,-0.1546505427373831,-0.24039407496060683,-0.3217512611267811,-0.39792306389412846,-0.4677874761061436,-0.5295943141606977,-0.5831064960197125,-0.6267445362341453,-0.6602057405828877,-0.6828515631474222,-0.6942102760026948,-0.694210276022273,-0.6828515632056075,-0.6602057406789472,-0.6267445363665602,-0.5831064961863754,-0.5295943143592635,-0.46778747633335305,-0.3979230641466165,-0.32175126140051785,-0.2403940752512062,-0.1546505430402429,-0.06695279198116204,0.02242010172071647,0.1110114275800012,0.19781616833503174,0.28170824706163194,0.3604734701246889,0.43384460496272964,0.49969106529221513,0.5574612695146208,0.6061905544877673,0.6447409350013559,0.672938075316131,0.6899420521528723,0.6956648893282777
0.74029541635215,0.7341961405416542,0.7161116364665406,0.6861062066561621,0.6450774990726491,0.5932308271119402,0.5317450812617626,0.4616790167704725,0.3835996531273455,0.2997793164232986,0.21050915392825273,0.11813258878660086,0.023857932660980116,-0.07124710123192377,-0.16457245206221965,-0.2558170861178994,-0.3423910409644163,-0.42345597768705523,-0.4977954723156559,-0.5635701923235968,-0.6205167636954192,-0.6669492211510285,-0.7025696769456345,-0.7266556226177832,-0.7387476758337873,-0.7387476758546541,-0.7266556226798062,-0.7025696770480413,-0.666949221292173,-0.6205167638730326,-0.5635701925351786,-0.497795472557729,-0.42345597795601153,-0.3423910412559126,-0.2558170864272724,-0.16457245238457827,-0.07124710156191655,0.023857932328738597,0.11813258845761151,0.2105091536079682,0.29977931611712566,0.3835996528403481,0.4616790165076461,0.5317450810274162,0.5932308269101363,0.6450774989069612,0.6861062065292312,0.7161116363808232,0.7341961404983361,0.7402954163521501
0.7818133319112595,0.7753734471100555,0.7562730865428795,0.724584754797116,0.6812558407094567,0.6265000695263683,0.5615674796312151,0.4875711561271374,0.4051130457504273,0.316592121357954,0.22231479730011963,0.1247579327245932,0.025196038748016066,-0.07524301174986263,-0.17380211029727566,-0.2701639757257323,-0.3615936754030231,-0.44720397898304887,-0.5257137586417219,-0.5951769002415506,-0.6553169961645585,-0.7043543342315222,-0.7419705226963028,-0.7674092727534696,-0.7801787592280894,-0.7801787592501619,-0.7674092728190824,-0.7419705228046469,-0.7043543343808436,-0.6553169963524292,-0.595176900465314,-0.5257137588976896,-0.44720397926737987,-0.3615936757110873,-0.27016397605259956,-0.1738021106377913,-0.07524301209836673,0.02519603839722557,0.12475793237730654,0.22231479696206777,0.31659212103484063,0.4051130454475903,0.4875711558498268,0.5615674793839484,0.6265000693134255,0.6812558405346245,0.7245847546631795,0.7562730864524203,0.7753734470643323,0.7818133319112595
0.8201862739277959,0.8134370404226386,0.7933916817532325,0.7601475138405612,0.7146956421516447,0.6572459338265384,0.5891330528545468,0.5115013718935738,0.4249968435409974,0.33213252503998475,0.2332249622904231,0.13088187873148768,0.026433098429814412,-0.07893685634736632,-0.18233246438345108,-0.28342380999926814,-0.37934303065296915,-0.46915067848857667,-0.5515190081126699,-0.6243896159239786,-0.6874805610404567,-0.7389285110336522,-0.7783818853477511,-0.8050784434875236,-0.8184713326807693,-0.8184713327039677,-0.8050784435564813,-0.7783818854616158,-0.7389285111905832,-0.6874805612378829,-0.6243896161590828,-0.5515190083815493,-0.4691506787871705,-0.3793430309763994,-0.2834238103423434,-0.1823324647407618,-0.07893685671297432,0.026433098061893423,0.13088187836731122,0.2332249619359943,0.3321325247012653,0.4249968432235696,0.5115013716029252,0.5891330525953958,0.6572459336033667,0.7146956419684048,0.760147513700176,0.7933916816584139,0.813437040374709,0.8201862739277963
0.8551401918536978,0.8480922735442954,0.8272049754005485,0.7925448767458729,0.7451498891639089,0.6852623746465694,0.6142356794164544,0.5333012639384913,0.44310887305244356,0.34628467375233246,0.24316675792227574,0.13645872550287053,0.027558961623339838,-0.08229964990314706,-0.19010325859026636,-0.29550306587002306,-0.395506845735247,-0.4891493454964502,-0.5750195417129828,-0.6509988343674961,-0.7167800811996198,-0.7704144151425496,-0.8115640976107382,-0.8393832440699127,-0.8533523955031834,-0.8533523955274247,-0.8393832441419541,-0.8115640977296675,-0.7704144153064569,-0.7167800814058254,-0.6509988346130148,-0.5750195419936893,-0.48914934580808656,-0.39550684607273145,-0.2955030662279154,-0.1901032589628809,-0.08229965028431825,0.027558961239816843,0.1364587251233249,0.24316675755296807,0.346284673399457,0.4431088727217769,0.5333012636357363,0.6142356791465445,0.6852623744141488,0.745149888973059,0.7925448765996425,0.8272049753017867,0.8480922734943847,0.8551401918536982
0.8865910449735313,0.8793001059640566,0.8576265322112224,0.8216904568591417,0.7725612720877274,0.7104557513745385,0.6368329742291258,0.552913556386427,0.45940591327118024,0.35902399294102283,0.25210652013173834,0.14147888093654232,0.028573475303457645,-0.08532836444119747,-0.1970945160819854,-0.3063704182415079,-0.41005693547872646,-0.5071324650067466,-0.5961731939903507,-0.6749422765626277,-0.7431405916045819,-0.7987565684882069,-0.8413978178613086,-0.8702622938403197,-0.8847371581139896,-0.8847371581391803,-0.8702622939151656,-0.8413978179848377,-0.7987565686584547,-0.7431405918187602,-0.6749422768175982,-0.5961731942817756,-0.5071324653301779,-0.41005693582891767,-0.30637041861277,-0.19709451646839457,-0.08532836483637718,0.028573474905915927,0.14147888054318838,0.2521065197490902,0.35902399257545653,0.45940591292865385,0.5529135560728404,0.6368329739495948,0.7104557511338703,0.7725612718900846,0.8216904567076936,0.8576265321089444,0.879300105912378,0.8865910449735311
0.9144213187987124,0.9068864954235849,0.8845493465181214,0.8474863686822856,0.7968067306599499,0.7327660164192463,0.6568171959330157,0.5702712748436919,0.473826647970937,0.37029062330837,0.26002350604171687,0.14591863734802948,0.029469536244412495,-0.08800512380233252,-0.20328179184115813,-0.3159882224362219,-0.4229250844414042,-0.5230580477027208,-0.6148823289647748,-0.696128276298859,-0.7664694593719074,-0.8238228401359552,-0.867822885888227,-0.8975728480145629,-0.9125095514808286,-0.9125095515068649,-0.8975728480919164,-0.8678228860158866,-0.8238228403118868,-0.7664694595932156,-0.6961282765622664,-0.6148823292657661,-0.5230580480366762,-0.4229250848028848,-0.31598822281935374,-0.20328179223980083,-0.08800512420991756,0.029469535834478415,0.14591863694250246,0.2600235056472959,0.3702906229316216,0.47382664761797805,0.5702712745205938,0.6568171956450491,0.7327660161713353,0.7968067304563662,0.8474863685262835,0.8845493464127651,0.9068864953703534,0.914421318798712
0.9384570448734919,0.9307283278436116,0.9077993998737942,0.8697618998231221,0.8177524315283018,0.752024431627454,0.6740834404379727,0.5852604993661342,0.48628129586012325,0.38002466587329614,0.2668573528159113,0.1497544931111209,0.030244388168988404,-0.09031882920064346,-0.20862496817808385,-0.3242938142831738,-0.43404274832231593,-0.5368048952927684,-0.6310459668015351,-0.7144262907111257,-0.7866158200422746,-0.8454790693552928,-0.8906300470005235,-0.9211676914403609,-0.9364949395962122,-0.93649493962299,-0.921167691519916,-0.8906300471318118,-0.8454790695362051,-0.7866158202698087,-0.7144262909818966,-0.631045967110874,-0.5368048956358915,-0.4340427486936134,-0.3242938146765982,-0.20862496858731994,-0.09031882961895207,0.030244387748367275,0.14975449269510344,0.26685735241136405,0.3800246654869406,0.48628129549822163,0.585260499034901,0.6740834401427914,0.7520244313733573,0.8177524313196529,0.8697618996632491,0.9077993997658264,0.93072832778906,0.9384570448734919
0.9586751729566297,0.9507838923357346,0.9273565818177483,0.8884993026024174,0.8353715154279449,0.7682237129939239,0.6886075013897455,0.5978689244827138,0.49675777408339145,0.38821276295230095,0.2726056609937389,0.1529811453406537,0.030896201038116824,-0.09226510939743894,-0.21311947141974807,-0.33128020020539983,-0.4433947207182168,-0.5483680947245284,-0.6446425044736104,-0.7298180492153327,-0.80356227672429,-0.8636958802707642,-0.9098142662992514,-0.9410152167253664,-0.9566707137646169,-0.9566707137920322,-0.941015216806813,-0.9098142664336663,-0.8636958804559509,-0.8035622769571457,-0.7298180494923847,-0.6446425047900673,-0.548368095075462,-0.4433947210978452,-0.3312802006075285,-0.21311947183792782,-0.09226510982478207,0.030896200608521874,0.1529811449158474,0.2726056605807159,0.388212762557922,0.49675777371404733,0.5978689241447289,0.6886075010885784,0.7682237127346961,0.8353715152151129,0.8884993024393595,0.9273565817076336,0.9507838922800942,0.9586751729566293
0.9749253069687777,0.9668905165138393,0.9430769772429987,0.9035617819345945,0.8495280738060567,0.7812513625483247,0.7002758665135259,0.6080042408108225,0.5051780521671648,0.39479112750343137,0.27722864328772767,0.15557342976010005,0.031419348462533324,-0.09382794651252585,-0.21673226227414857,-0.3368961058858894,-0.4509081835062812,-0.5576675487833134,-0.6555664354299285,-0.7421885403280607,-0.8171841465523659,-0.8783316048560021,-0.9252448863369859,-0.9569613590297488,-0.9728870743668601,-0.9728870743947974,-0.956961359112755,-0.9252448864739858,-0.8783316050447142,-0.8171841467895937,-0.7421885406102529,-0.6555664357522023,-0.5576675491406268,-0.4509081838926777,-0.3368961062950682,-0.21673226269956147,-0.09382794694715559,0.03141934802573744,0.15557342932827672,0.27722864286794,0.3947911271026673,0.5051780517919232,0.6080042404675096,0.7002758662076451,0.7812513622850579,0.8495280735899584,0.9035617817690627,0.9430769771312119,0.9668905164573478,0.974925306968777
0.9871804509023464,0.9790656313234434,0.9549293440409322,0.914915840037171,0.8602144674292079,0.7910595133594718,0.7090870833286861,0.6156447592649443,0.511528467253201,0.3997582629310837,0.2807088795317117,0.15753084827286495,0.031815509874730405,-0.09500979084198236,-0.21945604832834714,-0.34112992396655556,-0.45658131013270137,-0.5646684178940914,-0.6638139192513912,-0.7515189079281553,-0.8274542899901196,-0.889382110773179,-0.9368567954289205,-0.9690006821621648,-0.9851161594204443,-0.9851161594487927,-0.9690006822463983,-0.9368567955679524,-0.8893821109646597,-0.8274542902307591,-0.7515189082143469,-0.663813919578175,-0.5646684182563216,-0.4565813105243028,-0.3411299243811212,-0.2194560487592707,-0.09500979128213496,0.03181550943252163,0.1575308478357864,0.28070887910689507,0.3997582625255838,0.5115284668736101,0.6156447589177314,0.7090870830193633,0.7910595130932813,0.8602144672107549,0.9149158398698679,0.9549293439279538,0.979065631266341,0.9871804509023459
0.9953805401302293,0.9871777800095914,0.9628639190972289,0.9225195959924798,0.8673525253186491,0.7976426954798189,0.7149688360522783,0.620760913577905,0.5157773659396468,0.4030745022823824,0.2830451352857482,0.15883762045409586,0.03207860353212369,-0.09579665173981566,-0.2212795763408142,-0.3439646040001655,-0.4603689858775553,-0.5693678896010254,-0.6693212913625415,-0.7577606691639269,-0.8343296974414557,-0.8967604523567246,-0.9446572122029853,-0.9770399757105411,-0.9932995299411748,-0.9932995299698337,-0.9770399757956791,-0.9446572123434762,-0.8967604525501736,-0.834329697684535,-0.7577606694529551,-0.6693212916924859,-0.5693678899666772,-0.4603689862727626,-0.3439646044184531,-0.2212795767754751,-0.09579665218367168,0.03207860308628766,0.1588376200135434,0.28304513485764765,0.40307450187384375,0.5157773655572793,0.6207609132282093,0.7149688357408144,0.7976426952118336,0.8673525250987615,0.9225195958241023,0.962863918983542,0.9871777799521451,0.9953805401302293
0.9994841408771102,0.9912547260011052,0.9668326344815383,0.9263214432811732,0.8709308857061078,0.8009268426769578,0.7179193053522517,0.6233193041852368,0.5179037857615056,0.40473776419345325,0.284210451209651,0.15949306888567397,0.032211265309769116,-0.09619240532106638,-0.22219162433018289,-0.3453822788099607,-0.46226865092452135,-0.5717120484348464,-0.6720829845314636,-0.7608849221929288,-0.8377686117402915,-0.9004607486325391,-0.9485453000071974,-0.9810713774925768,-0.9973944019655339,-0.9973944019943857,-0.9810713775782662,-0.9485453001485628,-0.9004607488271632,-0.8377686119848117,-0.7608849224836086,-0.6720829848632075,-0.571712048802399,-0.4622686513217176,-0.3453822792302588,-0.2221916247668106,-0.09619240576681719,0.032211264862132924,0.15949306844344738,0.2842104507800373,0.40473776378355664,0.5179037853779345,0.6233193038345056,0.7179193050399375,0.8009268424083094,0.8709308854857054,0.9263214431124234,0.9668326343676219,0.9912547259435553,0.999484140877111
0.9994841408771115,0.9912547260010376,0.9668326344814162,0.9263214432810061,0.8709308857059027,0.8009268426767275,0.717919305352027,0.6233193041850311,0.5179037857613178,0.4047377641932886,0.28421045120952676,0.15949306888560666,0.03221126530975588,-0.09619240532102658,-0.22219162433008782,-0.3453822788098135,-0.4622686509243431,-0.5717120484346521,-0.6720829845312473,-0.7608849221927007,-0.8377686117400724,-0.9004607486323513,-0.9485453000070505,-0.9810713774924779,-0.9973944019654969,-0.9973944019944208,-0.981071377578362,-0.9485453001487058,-0.9004607488273492,-0.8377686119850295,-0.7608849224838374,-0.672082984863424,-0.571712048802593,-0.4622686513218956,-0.3453822792304062,-0.22219162476690604,-0.09619240576685728,0.03221126486214537,0.15949306844351452,0.28421045078016277,0.40473776378372284,0.5179037853781231,0.6233193038347106,0.7179193050401613,0.8009268424085391,0.8709308854859105,0.9263214431125915,0.9668326343677448,0.9912547259436247,0.9994841408771122
0.9953805401302294,0.9871777800093866,0.9628639190968624,0.9225195959919827,0.8673525253180432,0.7976426954791402,0.7149688360516117,0.6207609135772895,0.515777365939084,0.40307450228189345,0.28304513528538383,0.15883762045389893,0.03207860353208526,-0.09579665173969872,-0.22127957634053483,-0.34396460399973033,-0.46036898587702335,-0.5693678896004414,-0.6693212913618974,-0.7577606691632525,-0.8343296974408081,-0.896760452356169,-0.9446572122025506,-0.9770399757102485,-0.9932995299410668,-0.9932995299699415,-0.9770399757959679,-0.9446572123439043,-0.896760452550727,-0.8343296976851815,-0.757760669453631,-0.6693212916931308,-0.5693678899672598,-0.4603689862732933,-0.3439646044188892,-0.2212795767757548,-0.09579665218378837,0.03207860308632458,0.15883762001374063,0.28304513485801597,0.4030745018743351,0.5157773655578421,0.6207609132288232,0.714968835741478,0.797642695212508,0.8673525250993652,0.9225195958245984,0.9628639189839071,0.9871777799523508,0.9953805401302311
0.9871804509023476,0.9790656313231065,0.9549293440403288,0.9149158400363487,0.8602144674282118,0.7910595133583628,0.7090870833275873,0.6156447592639206,0.5115284672522642,0.39975826293027705,0.28070887953111767,0.15753084827254288,0.0318155098746672,-0.0950097908417906,-0.21945604832789029,-0.3411299239658428,-0.45658131013182085,-0.5646684178931161,-0.6638139192503236,-0.7515189079270469,-0.8274542899890606,-0.889382110772267,-0.9368567954282055,-0.9690006821616827,-0.9851161594202666,-0.9851161594489709,-0.969000682246877,-0.9368567955686605,-0.8893821109655696,-0.8274542902318174,-0.7515189082154574,-0.663813919579246,-0.5646684182572951,-0.45658131052518086,-0.3411299243818345,-0.21945604875972688,-0.0950097912823253,0.031815509432582885,0.15753084783610913,0.2807088791074948,0.39975826252639246,0.5115284668745462,0.6156447589187551,0.7090870830204593,0.7910595130943854,0.8602144672117441,0.9149158398706834,0.9549293439285573,0.9790656312666806,0.9871804509023486
0.9749253069687779,0.9668905165133963,0.9430769772421735,0.9035617819334516,0.8495280738046872,0.7812513625468251,0.7002758665120137,0.6080042408093838,0.5051780521658659,0.3947911275023387,0.27722864328692143,0.15557342975963873,0.031419348462438476,-0.09382794651224512,-0.21673226227351225,-0.33689610588492874,-0.45090818350507667,-0.557667548781941,-0.6555664354284448,-0.7421885403265478,-0.8171841465509216,-0.8783316048547365,-0.925244886335992,-0.956961359029106,-0.9728870743666302,-0.9728870743950251,-0.9569613591133943,-0.9252448864749738,-0.8783316050459752,-0.8171841467910365,-0.7421885406117672,-0.6555664357536877,-0.5576675491419992,-0.4509081838938816,-0.3368961062960274,-0.21673226270019788,-0.09382794694743692,0.031419348025832385,0.15557342932874027,0.2772286428687507,0.39479112710376374,0.5051780517932228,0.6080042404689452,0.7002758662091526,0.7812513622865518,0.8495280735913205,0.9035617817701987,0.9430769771320344,0.9668905164577904,0.9749253069687792
0.95867517295663,0.9507838923351957,0.9273565818167213,0.8884993026009785,0.8353715154262296,0.768223712992063,0.6886075013878438,0.5978689244808792,0.49675777408174726,0.3882127629509396,0.272605660992737,0.1529811453400624,0.030896201037992364,-0.09226510939707473,-0.21311947141894527,-0.3312802002042091,-0.4433947207167052,-0.5483680947227753,-0.6446425044717322,-0.729818049213442,-0.8035622767224883,-0.86369588026917,-0.9098142662980012,-0.9410152167245768,-0.9566707137643395,-0.9566707137923056,-0.9410152168076,-0.9098142664349116,-0.8636958804575375,-0.8035622769589448,-0.7298180494942768,-0.6446425047919458,-0.5483680950772162,-0.4433947210993575,-0.33128020060871605,-0.21311947183873184,-0.09226510982514877,0.03089620060864929,0.1529811449164426,0.2726056605817204,0.38821276255928844,0.49675777371569346,0.597868924146558,0.6886075010904741,0.7682237127365517,0.8353715152168214,0.8884993024407921,0.9273565817086566,0.9507838922806308,0.958675172956631
0.9384570448734925,0.930728327842983,0.907799399872584,0.8697618998214175,0.8177524315262719,0.7520244316252531,0.6740834404357047,0.5852604993639333,0.48628129585815527,0.380024665871678,0.2668573528147273,0.14975449311041955,0.030244388168839505,-0.09031882920021071,-0.2086249681771334,-0.32429381428176496,-0.4340427483205137,-0.5368048952906637,-0.6310459667992864,-0.7144262907088771,-0.7866158200401434,-0.8454790693534067,-0.8906300469990429,-0.921167691439435,-0.9364949395958888,-0.9364949396233054,-0.9211676915208363,-0.8906300471332883,-0.8454790695380848,-0.7866158202719369,-0.7144262909841438,-0.6310459671131211,-0.5368048956379972,-0.43404274869541615,-0.3242938146780049,-0.20862496858827118,-0.09031882961938566,0.030244387748519393,0.1497544926958089,0.26685735241255054,0.38002466548856223,0.48628129550019056,0.5852604990370971,0.6740834401450525,0.752024431375551,0.8177524313216727,0.8697618996649433,0.9077993997670311,0.9307283277896855,0.9384570448734929
0.9144213187987134,0.9068864954228788,0.8845493465167575,0.8474863686803584,0.7968067306576457,0.7327660164167324,0.6568171959304168,0.5702712748411704,0.4738266479686822,0.3702906233065156,0.26002350604036406,0.14591863734723376,0.029469536244243446,-0.08800512380184189,-0.20328179184007503,-0.3159882224346099,-0.42292508443933846,-0.5230580477003087,-0.6148823289621976,-0.6961282762962857,-0.7664694593694815,-0.8238228401338207,-0.8678228858865562,-0.8975728480135204,-0.9125095514804671,-0.91250955150722,-0.8975728480929527,-0.867822886017554,-0.8238228403140183,-0.766469459595638,-0.6961282765648383,-0.6148823292683436,-0.5230580480390864,-0.42292508480494906,-0.31598822282096656,-0.2032817922408835,-0.0880051242104059,0.029469535834649726,0.1459186369433024,0.26002350564865384,0.370290622933477,0.4738266476202319,0.5702712745231142,0.6568171956476422,0.7327660161738412,0.7968067304586632,0.8474863685282024,0.8845493464141236,0.9068864953710575,0.9144213187987135
0.886591044973531,0.8793001059632857,0.8576265322097343,0.8216904568570311,0.7725612720851832,0.7104557513717406,0.6368329742262328,0.552913556383628,0.4594059132686766,0.3590239929389567,0.2521065201302306,0.14147888093566224,0.02857347530327126,-0.08532836444065683,-0.19709451608078357,-0.3063704182397111,-0.4100569354764274,-0.5071324650040704,-0.5961731939874854,-0.6749422765597631,-0.7431405916018932,-0.7987565684858604,-0.8413978178594865,-0.8702622938391833,-0.8847371581135958,-0.8847371581395689,-0.8702622939162957,-0.8413978179866559,-0.7987565686608004,-0.7431405918214458,-0.6749422768204596,-0.5961731942846406,-0.5071324653328494,-0.41005693583121383,-0.30637041861456965,-0.197094516469596,-0.08532836483691433,0.028573474906103825,0.1414788805440722,0.2521065197506039,0.3590239925775226,0.4594059129311562,0.5529135560756389,0.6368329739524811,0.7104557511366585,0.7725612718926202,0.8216904567097937,0.8576265321104245,0.8793001059131451,0.8865910449735304
0.8551401918536982,0.8480922735434655,0.8272049753989649,0.7925448767436307,0.7451498891611763,0.6852623746435237,0.6142356794133171,0.5333012639354692,0.4431088730497288,0.34628467375007743,0.24316675792063222,0.13645872550192983,0.027558961623145625,-0.08229964990257532,-0.19010325858897067,-0.2955030658680567,-0.3955068457327441,-0.489149345493562,-0.575019541709879,-0.650998834364382,-0.7167800811967111,-0.7704144151400424,-0.8115640976088065,-0.839383244068695,-0.8533523955027574,-0.8533523955278459,-0.8393832441431651,-0.8115640977315933,-0.7704144153089614,-0.7167800814087318,-0.6509988346161246,-0.5750195419967885,-0.48914934581096964,-0.3955068460752319,-0.2955030662298823,-0.19010325896417604,-0.08229965028488678,0.027558961240014883,0.13645872512426935,0.2431667575546149,0.3462846734017127,0.44310887272449007,0.5333012636387557,0.6142356791496764,0.6852623744171858,0.7451498889757834,0.7925448766018761,0.8272049753033636,0.8480922734952101,0.8551401918536969
0.8201862739277966,0.8134370404217638,0.7933916817515816,0.7601475138382267,0.7146956421487722,0.6572459338233015,0.5891330528512169,0.5115013718903751,0.4249968435381123,0.3321325250375745,0.2332249622886694,0.1308818787305005,0.02643309842961496,-0.07893685634677229,-0.1823324643820815,-0.28342380999716227,-0.37934303065029995,-0.46915067848552156,-0.5515190081093768,-0.624389615920668,-0.6874805610373801,-0.7389285110310275,-0.7783818853457445,-0.8050784434862457,-0.8184713326803175,-0.8184713327044151,-0.8050784435577532,-0.7783818854636158,-0.7389285111932034,-0.6874805612409578,-0.6243896161623876,-0.5515190083848344,-0.4691506787902217,-0.379343030979067,-0.28342381034444697,-0.1823324647421304,-0.07893685671356576,0.026433098062098516,0.1308818783683018,0.23322496193774836,0.33213252470367705,0.4249968432264535,0.5115013716061197,0.5891330525987226,0.6572459336065973,0.7146956419712709,0.7601475137025056,0.7933916816600608,0.8134370403755791,0.8201862739277942
0.781813331911259,0.7753734471091626,0.7562730865411871,0.7245847547947126,0.6812558407064868,0.6265000695230102,0.561567479627751,0.48757115612380086,0.40511304574741425,0.3165921213554363,0.22231479729828618,0.12475793272355726,0.02519603874780567,-0.07524301174923859,-0.17380211029584147,-0.27016397572353273,-0.3615936754002352,-0.4472039789798577,-0.5257137586382918,-0.5951769002381118,-0.6553169961613717,-0.7043543342288159,-0.7419705226942458,-0.7674092727521663,-0.7801787592276309,-0.7801787592506171,-0.7674092728203821,-0.7419705228066978,-0.7043543343835453,-0.6553169963556137,-0.5951769004687482,-0.5257137589011125,-0.4472039792705666,-0.36159367571387235,-0.27016397605479503,-0.17380211063922346,-0.07524301209898843,0.025196038397441008,0.12475793237834493,0.22231479696390016,0.31659212103735834,0.40511304545060195,0.4875711558531597,0.5615674793874096,0.6265000693167787,0.6812558405375867,0.7245847546655766,0.7562730864541073,0.775373447065221,0.7818133319112595
0.7402954163521493,0.734196140540764,0.7161116364648348,0.6861062066537231,0.6450774990696346,0.5932308271085321,0.5317450812582251,0.4616790167670452,0.38359965312424976,0.2997793164207181,0.2105091539263723,0.1181325887855259,0.02385793266075809,-0.07124710123127254,-0.1645724520607393,-0.2558170861156474,-0.3423910409615556,-0.4234559776837712,-0.4977954723121438,-0.5635701923200954,-0.6205167636921831,-0.6669492211482795,-0.70256967694355,-0.7266556226164766,-0.7387476758333322,-0.7387476758551074,-0.726655622681111,-0.7025696770501196,-0.6669492212949164,-0.6205167638762645,-0.5635701925386754,-0.49779547256123513,-0.42345597795929163,-0.34239104125876907,-0.25581708642951934,-0.16457245238605497,-0.07124710156256503,0.023857932328963657,0.11813258845868799,0.2105091536098477,0.29977931611970465,0.38359965284344205,0.46167901651107046,0.5317450810309495,0.59323082691354,0.6450774989099717,0.6861062065316658,0.7161116363825244,0.7341961404992245,0.74029541635215
0.695664889328278,0.6899420521927214,0.672938075395036,0.6447409351182853,0.6061905546405718,0.5574612697009975,0.4996910655090668,0.4338446052064661,0.36047347039147787,0.2817082473469452,0.19781616863427645,0.11101142788819698,0.02242010203276999,-0.06695279167039743,-0.15465054273588033,-0.2403940749583379,-0.32175126112389113,-0.39792306389080073,-0.4677874761026061,-0.5295943141571963,-0.5831064960164898,-0.626744536231401,-0.6602057405808065,-0.6828515631461296,-0.6942102760022488,-0.6942102760227179,-0.6828515632068995,-0.6602057406810252,-0.6267445363692994,-0.583106496189593,-0.5295943143627581,-0.467787476336884,-0.39792306414994,-0.32175126140340204,-0.24039407525346884,-0.15465054304174042,-0.06695279198182627,0.022420101720947425,0.11101142758109854,0.19781616833692858,0.2817082470642337,0.36047347012781994,0.4338446049661921,0.4996910652957593,0.5574612695180083,0.6061905544907704,0.6447409350037893,0.6729380753178246,0.6899420521537489,0.6956648893282782
0.6482296576302904,0.6428869358059514,0.6270536871668834,0.6007799883876375,0.564852668449021,0.5194557125636258,0.4656145796299724,0.40426319651362436,0.335893827726951,0.26249727812491236,0.18432992532522602,0.10344103174808678,0.020890761872765277,-0.06238633410679195,-0.14410569695277864,-0.22400286938924208,-0.29980960310672466,-0.3707943592290565,-0.4358872261224989,-0.4934825324002309,-0.5433473036640999,-0.5840041535644303,-0.615197387852416,-0.6362852165824627,-0.6468744407835432,-0.646874440802619,-0.6362852166391122,-0.6151973879458635,-0.584004153693009,-0.5433473038255,-0.4934825325919083,-0.4358872263409763,-0.3707943594707316,-0.29980960336736306,-0.2240028696644184,-0.14410569723792507,-0.06238633439708277,0.020890761582172925,0.10344103146196815,0.18432992504823756,0.2624972778616166,0.335893827481464,0.404263196289965,0.46561457943144263,0.5194557123933254,0.5648526683096412,0.6007799882811304,0.6270536870950602,0.6428869357696927,0.648229657630291
0.5981261379040069,0.5932059305168011,0.578585809570442,0.5543421554480675,0.5211970294840171,0.47929982479951194,0.42962977989436313,0.37301549101183806,0.30993170586881225,0.24221015515719385,0.17008043219993868,0.0954466032253983,0.019276606658978186,-0.05756540818350489,-0.1329670772685224,-0.20668855570565342,-0.2766387687892892,-0.34213041010936396,-0.4021993541597295,-0.45534022615091896,-0.5013494646190363,-0.5388691726139581,-0.5676384855991741,-0.5871094720056135,-0.5968754701408546,-0.596875470158456,-0.5871094720578979,-0.5676384856854435,-0.5388691727326685,-0.5013494647680434,-0.455340226327894,-0.4021993543614688,-0.3421304103325266,-0.276638769029949,-0.206688555959711,-0.1329670775317636,-0.05756540845145161,0.019276606390823927,0.09544660296143063,0.17008043194444408,0.2422101549143677,0.30993170564245925,0.3730154908056611,0.42962977971137434,0.47929982464255927,0.5211970293555901,0.5543421553499521,0.5785858095042787,0.5932059304833922,0.5981261379040086
0.5455139871532088,0.5410199004533713,0.5276932315937155,0.505582594201528,0.47534929222922284,0.43714378806828996,0.3918361374204328,0.34020517213199064,0.28266955832685114,0.22090353138746446,0.15512134989127693,0.08705038956150506,0.01758062027867759,-0.052501099363301204,-0.1212712710232677,-0.1885082369495324,-0.25230356335818527,-0.3120389875138648,-0.36681908369752386,-0.4152875013488976,-0.4572506285166328,-0.4914663154405046,-0.517714036224922,-0.5354631876407004,-0.5443734693239648,-0.5443734693400264,-0.535463187688406,-0.5177140363036273,-0.49146631554881437,-0.4572506286526077,-0.4152875015104043,-0.36681908388163026,-0.3120389877175279,-0.25230356357782285,-0.1885082371813893,-0.12127127126346356,-0.052501099607745634,0.01758062003408353,0.08705038932077969,0.15512134965833282,0.2209035311661184,0.28266955812054545,0.34020517194409106,0.3918361372537009,0.43714378792531217,0.4753492921122442,0.5055825941121664,0.5276932315334674,0.5410199004229596,0.5455139871532094
0.49074289128397786,0.48670016701687036,0.47471137162224825,0.45482069177936,0.427622975264214,0.3932532711316297,0.35249477622551156,0.306047626859394,0.2542887628478447,0.1987242435379616,0.1395467105197065,0.07831030483094267,0.015815486229135773,-0.04722986186472215,-0.10909529962834702,-0.16958148712094898,-0.22697163042667398,-0.2807093568627855,-0.3299894912999288,-0.3735915062397002,-0.41134140050644386,-0.4421218192841857,-0.4657340029364,-0.4817012880601731,-0.4897168815617064,-0.4897168815761677,-0.4817012881031097,-0.465734003007214,-0.4421218193816478,-0.4113414006288295,-0.3735915063850757,-0.3299894914656378,-0.28070935704609745,-0.22697163062438688,-0.16958148732965644,-0.10909529984451923,-0.04722986208467736,0.015815486009076223,0.07831030461440104,0.13954671031022045,0.19872424333894576,0.25428876266236305,0.30604762669046726,0.35249477607564994,0.39325327100315544,0.4276229751591019,0.45482069169906647,0.4747113715681327,0.4867001669895701,0.49074289128397874
0.43385779593031626,0.43028777400222856,0.4196841166973626,0.4020987811234802,0.3780559742224224,0.3476663867181095,0.31163654709136157,0.27057127289100535,0.22481258293842576,0.17568973834757967,0.12337007317539922,0.06923321686316691,0.013982449322196385,-0.04175561799766442,-0.09644925792950271,-0.14992401970845362,-0.20066290604202172,-0.2481687771727113,-0.2917396562433865,-0.3302863214789032,-0.36365981451083235,-0.39087456379038255,-0.411744195918471,-0.4258662080913631,-0.43295063221242286,-0.4329506322252161,-0.425866208129335,-0.4117441959810778,-0.3908745638765657,-0.3636598146190801,-0.3302863216074932,-0.29173965638995303,-0.2481687773348456,-0.20066290621691862,-0.14992401989307533,-0.09644925812069649,-0.04175561819217024,0.013982449127628206,0.06923321667174108,0.12337007299025841,0.17568973817171868,0.2248125827745288,0.2705712727417392,0.3116365469589689,0.3476663866046444,0.3780559741295918,0.4020987810525714,0.41968411664958677,0.43028777397813933,0.4338577959303164
0.37527454286532275,0.3721814545609841,0.363015311236324,0.3478048887539022,0.3270057279894827,0.30072448697396764,0.2695545916117148,0.2340369486690925,0.1944563949563715,0.15196548859320264,0.10671270184131527,0.05988430434580327,0.012094122009480571,-0.03611682634827681,-0.08342598984636712,-0.12968023862100442,-0.1735664201695121,-0.21466111795809795,-0.2523447721429135,-0.2856879932719835,-0.31455582616188993,-0.338092941363356,-0.35615148915635625,-0.3683596083118195,-0.3744899791589209,-0.37448997916998994,-0.3683596083446706,-0.35615148921051565,-0.33809294143791946,-0.3145558262555544,-0.2856879933832542,-0.25234477226974134,-0.21466111809840313,-0.17356642032086714,-0.12968023878077684,-0.08342599001180834,-0.03611682651655966,0.012094121841170816,0.059884304180245325,0.10671270168121955,0.15196548844115065,0.19445639481467308,0.23403694854004725,0.26955459149727024,0.30072448687590286,0.32700572790926347,0.3478048886926341,0.3630153111950524,0.372181454540182,0.3752745428653231
0.31511903166742683,0.3125278602936221,0.3048242142681946,0.2920515195586776,0.27458977254298744,0.25251552949420075,0.22634818411174673,0.19652077814216212,0.16328559695824835,0.12760712760364085,0.08960559427871694,0.050285535617178724,0.010155818404816185,-0.030328092147356708,-0.07005284729552858,-0.1088925266535375,-0.14574565627868044,-0.1802488334984881,-0.21189655231639026,-0.2398932017888923,-0.26413274090088334,-0.28390032939738885,-0.2990559002284246,-0.3093154507170946,-0.31446010408328723,-0.3144601040925866,-0.3093154507446883,-0.2990559002739095,-0.28390032946001187,-0.26413274097955014,-0.2398932018823542,-0.2118965524229276,-0.18024883361635213,-0.14574565640583362,-0.1088925267877527,-0.07005284743449532,-0.03032809228869534,0.010155818263477789,0.05028553547816985,0.08960559414431571,0.12760712747600803,0.16328559683931748,0.19652077803385432,0.22634818401569318,0.2525155294119056,0.2745897724756784,0.29205151950727926,0.3048242142335833,0.31252786027618507,0.3151190316674273
0.25363524103402835,0.25154564914400995,0.24534953843332133,0.23506926381159815,0.22101232920684927,0.20324885903635198,0.18218311192043027,0.1581774758671213,0.13142643989323666,0.10270847788336834,0.07212326601807177,0.040473834523567565,0.008174056937451069,-0.024410234040771164,-0.05638474912096089,-0.08764639486752475,-0.11730783496448355,-0.14508171096016897,-0.1705515074403556,-0.19308678849773353,-0.21259744109249554,-0.22850588756034548,-0.24070979980233964,-0.24896211178478792,-0.2531049620175468,-0.25310496202502586,-0.24896211180699473,-0.24070979983896715,-0.2285058876107625,-0.21259744115581458,-0.19308678857296677,-0.17055150752613543,-0.1450817110550837,-0.11730783506685825,-0.08764639497557876,-0.056384749232846754,-0.024410234154560076,0.008174056823686125,0.04047383441169851,0.07212326590991033,0.10270847778066035,0.13142643979754742,0.15817747577999078,0.18218311184314845,0.20324885897012568,0.22101232915270713,0.2350692637702746,0.24534953840549462,0.25154564912998234,0.2536352410340279
0.19118882285707806,0.18961372427706075,0.1849431038922481,0.1771938886875259,0.16659786345036703,0.15320783627802187,0.13732861824811685,0.11923329195064819,0.09906851381546011,0.07742108000115075,0.05436610830796511,0.03050895164941339,0.006161559685502406,-0.018400300329722334,-0.04250250710135706,-0.06606735988004943,-0.08842599419400511,-0.10936176985580844,-0.12856077802113702,-0.14554773968238977,-0.16025475685498214,-0.17224646807379593,-0.18144567620823554,-0.18766625569586287,-0.19078910100478064,-0.1907891010104093,-0.18766625571259457,-0.1814456762358632,-0.172246468111813,-0.16025475690270774,-0.1455477397390999,-0.1285607780858193,-0.10936176992739108,-0.08842599427119127,-0.06606735996150942,-0.04250250718572163,-0.0184003004155205,0.006161559599748545,0.03050895156510415,0.05436610822644212,0.07742107992373803,0.09906851374335385,0.11923329188500473,0.13732861818988032,0.15320783622809925,0.16659786340957672,0.1771938886564126,0.18494310387129204,0.18961372426648399,0.19118882285707758
0.12784667241066014,0.12679487265347925,0.12367003325463144,0.11848807498295706,0.11140338814057817,0.10244817835798709,0.09183130963125184,0.07973033561246552,0.0662464557107478,0.051771263633398124,0.03635392745092577,0.02040125522736323,0.004120277366403386,-0.012304322861908867,-0.02842109637780551,-0.04417872143636317,-0.05913021567311526,-0.07312883585125243,-0.08596819459191152,-0.0973268447810065,-0.10716112294892412,-0.11518071381384466,-0.12133019360782196,-0.12549185028710796,-0.1275793506880075,-0.1275793506917661,-0.12549185029829263,-0.12133019362630779,-0.11518071383927338,-0.10716112298083268,-0.0973268448189248,-0.08596819463517537,-0.07312883589913921,-0.059130215724736215,-0.04417872149083529,-0.028421096434230388,-0.012304322919293873,0.0041202773090621625,0.020401255170994365,0.0363539273964134,0.05177126358163373,0.06624645566254253,0.07973033556858898,0.09183130959231543,0.10244817832459656,0.11140338811331008,0.11848807496217056,0.12367003324062842,0.12679487264640427,0.1278466724106601
0.06408449555375764,0.06355603472028894,0.06199105431867921,0.059393636571636196,0.05584168173172291,0.05135396499696887,0.046030913165746465,0.03996580887030141,0.03320672687838535,0.025950629358183375,0.018223062541953654,0.010226238324227916,0.002065261338061092,-0.006167530804374476,-0.014246410968415838,-0.022145114639312867,-0.029639347635715976,-0.03665714372859767,-0.04309206610504522,-0.04878606207080448,-0.05371577134469398,-0.05773498587324617,-0.060819145095415306,-0.06290352758845195,-0.06395052348800025,-0.06395052348988486,-0.06290352759406033,-0.06081914510468456,-0.05773498588599288,-0.05371577136068667,-0.048786062089810914,-0.04309206612673527,-0.0366571437526087,-0.029639347661596004,-0.022145114666620398,-0.014246410996700948,-0.006167530833140599,0.002065261309316804,0.01022623829597247,0.018223062514629122,0.025950629332239003,0.03320672685422764,0.03996580884831376,0.04603091314623198,0.051353964980230385,0.05584168171805627,0.05939363656122196,0.061991054311665586,0.06355603471674535,0.06408449555375752
2.7755575615628914e-17,8.326672684688674e-17,1.942890293094024e-16,-1.1102230246251565e-16,0.,-8.326672684688674e-17,-2.7755575615628914e-17,5.551115123125783e-17,8.326672684688674e-17,1.5265566588595902e-16,2.7755575615628914e-17,1.734723475976807e-17,1.3877787807814457e-17,-5.204170427930421e-18,-6.938893903907228e-18,1.6653345369377348e-16,1.6653345369377348e-16,1.6653345369377348e-16,0.,-4.163336342344337e-17,1.1102230246251565e-16,1.1102230246251565e-16,1.6653345369377348e-16,1.6653345369377348e-16,0.,-5.551115123125783e-17,-1.1102230246251565e-16,5.551115123125783e-17,8.326672684688674e-17,5.551115123125783e-17,-1.3877787807814457e-17,0.,6.938893903907228e-17,5.551115123125783e-17,6.938893903907228e-18,-5.551115123125783e-17,-4.163336342344337e-17,-8.500145032286355e-17,-8.673617379884035e-17,-8.326672684688674e-17,-5.551115123125783e-17,-8.326672684688674e-17,-8.326672684688674e-17,-8.326672684688674e-17,-1.3877787807814457e-16,-1.3877787807814457e-16,-2.7755575615628914e-17,-1.1102230246251565e-16,-1.942890293094024e-16,-2.7755575615628914e-16
